repeat,ranks,schedule,comm_mode,chunk_size,size,t_total,compute_max,compute_mean,imbalance,t_wait
1,1,block,blocking,1,60x40,0.0614,0.0613,0.0613,1.000,0.0000
1,1,block,blocking,10,60x40,0.0596,0.0596,0.0596,1.000,0.0000
1,1,block,nonblocking,1,60x40,0.0600,0.0599,0.0599,1.000,0.0001
1,1,block,nonblocking,10,60x40,0.0585,0.0584,0.0584,1.000,0.0001
1,1,block,blocking_perchunk,1,60x40,0.0602,0.0601,0.0601,1.000,0.0000
1,1,block,blocking_perchunk,10,60x40,0.0966,0.0965,0.0965,1.000,0.0000
1,1,block,nonblocking_perchunk,1,60x40,0.0602,0.0601,0.0601,1.000,0.0001
1,1,block,nonblocking_perchunk,10,60x40,0.0605,0.0604,0.0604,1.000,0.0001
1,1,chunk,blocking,1,60x40,0.0597,0.0596,0.0596,1.000,0.0000
1,1,chunk,blocking,10,60x40,0.0600,0.0600,0.0600,1.000,0.0000
1,1,chunk,nonblocking,1,60x40,0.0586,0.0584,0.0584,1.000,0.0001
1,1,chunk,nonblocking,10,60x40,0.0622,0.0621,0.0621,1.000,0.0001
1,1,chunk,blocking_perchunk,1,60x40,0.0620,0.0619,0.0619,1.000,0.0000
1,1,chunk,blocking_perchunk,10,60x40,0.0647,0.0647,0.0647,1.000,0.0000
1,1,chunk,nonblocking_perchunk,1,60x40,0.0583,0.0581,0.0581,1.000,0.0001
1,1,chunk,nonblocking_perchunk,10,60x40,0.0599,0.0598,0.0598,1.000,0.0001
1,2,block,blocking,1,60x40,0.0461,0.0457,0.0295,1.552,0.0328
1,2,block,blocking,10,60x40,0.0477,0.0474,0.0305,1.558,0.0343
1,2,block,nonblocking,1,60x40,0.0473,0.0469,0.0301,1.555,0.0337
1,2,block,nonblocking,10,60x40,0.0467,0.0463,0.0299,1.549,0.0331
1,2,block,blocking_perchunk,1,60x40,0.0664,0.0531,0.0335,1.584,0.0524
1,2,block,blocking_perchunk,10,60x40,0.0466,0.0463,0.0302,1.536,0.0325
1,2,block,nonblocking_perchunk,1,60x40,0.0475,0.0467,0.0299,1.561,0.0342
1,2,block,nonblocking_perchunk,10,60x40,0.0464,0.0462,0.0297,1.552,0.0329
1,2,chunk,blocking,1,60x40,0.1143,0.1140,0.0953,1.196,0.0002
1,2,chunk,blocking,10,60x40,0.0346,0.0344,0.0311,1.109,0.0002
1,2,chunk,nonblocking,1,60x40,0.0323,0.0320,0.0320,1.000,0.0002
1,2,chunk,nonblocking,10,60x40,0.0334,0.0332,0.0306,1.085,0.0001
1,2,chunk,blocking_perchunk,1,60x40,0.0644,0.0327,0.0320,1.023,0.0331
1,2,chunk,blocking_perchunk,10,60x40,0.0559,0.0325,0.0294,1.107,0.0234
1,2,chunk,nonblocking_perchunk,1,60x40,0.0314,0.0308,0.0307,1.006,0.0002
1,2,chunk,nonblocking_perchunk,10,60x40,0.0343,0.0341,0.0308,1.107,0.0001
